source_id,route_id,authors,year,title,venue_status,source_tier,exact_project_use,claim_status,next_action,url
SRC-RIEMANN-1859,H0,Bernhard Riemann,1859,On the Number of Prime Numbers less than a Given Quantity,canonical primary source,S0,xi and explicit-formula origin,ESTABLISHED,retain as route anchor,https://www.claymath.org/wp-content/uploads/2023/04/Wilkins-translation.pdf
SRC-BOMBIERI-CLAY-2000,H0,Enrico Bombieri,2000,Problems of the Millennium: The Riemann Hypothesis,authoritative problem description,S0,standard target and historical overview,ESTABLISHED,retain as global orientation source,https://www.claymath.org/wp-content/uploads/2022/05/riemann.pdf
SRC-LEVINSON-1974,H1,Norman Levinson,1974,More than one third of the zeros of Riemann's zeta-function are on sigma=1/2,peer-reviewed,S0,mollifier and critical-zero proportion route,ROUTE_CARD_SOURCE_ALIGNED_COUNTING_BRIDGE_OPEN,reconstruct the actual auxiliary argument-variation and Littlewood count bridge,
SRC-CONREY-1989,H1,J. B. Conrey,1989,More than two fifths of the zeros of the Riemann zeta function are on the critical line,peer-reviewed,S0,refined mollifier and critical-zero proportion route,STEP_GEOMETRY_PUBLICLY_CLOSED_COUNT_BRIDGE_OPEN,reconstruct the actual zeta auxiliary count and complexity-uniform mollified mean value,https://eudml.org/doc/153151
SRC-PRATT-ROBLES-ZAHARESCU-ZEINDLER-2018,H1,Kyle Pratt and Nicolas Robles and Alexandru Zaharescu and Dirk Zeindler,2018,More than five-twelfths of the zeros of zeta are on the critical line,peer-reviewed preprint version,S1,strongest audited unconditional critical-zero proportion,ESTABLISHED_PARTIAL_RESULT,retain as H1 quantitative frontier,https://arxiv.org/abs/1802.10521
SRC-BOURGAIN-2014,H2,Jean Bourgain,2014,Decoupling exponential sums and the Riemann zeta function,peer-reviewed preprint version,S1,critical-line subconvexity exponent frontier,ESTABLISHED_PARTIAL_RESULT,retain as H2 pointwise-value frontier,https://arxiv.org/abs/1408.5794
SRC-GUTH-MAYNARD-2024,H2,Larry Guth and James Maynard,2024,New large value estimates for Dirichlet polynomials,peer-reviewed 2026 Annals version,S1,zero-density exponent 30 over 13 and large-value mechanism,ESTABLISHED_PARTIAL_RESULT,retain as H2 zero-density frontier,https://arxiv.org/abs/2405.20552
SRC-MAYNARD-PRATT-2022,H2,James Maynard and Kyle Pratt,2022,Half-isolated zeros and zero-density estimates,peer-reviewed 2024 IMRN version,S1,vertically sensitive zero detector finite-line clustering Type-II rarity and bow obstruction,TYPE_II_CONDITIONAL_REDUCTION_PUBLIC_GREEN_SOURCE_SIGN_REPAIRED,retain the fixed short-Mobius fourth moment as an exact open producer and rerank,https://arxiv.org/abs/2206.11729
SRC-HUGHES-YOUNG-2010,H2-H1,C. P. Hughes and Matthew P. Young,2010,The twisted fourth moment of the Riemann zeta function,peer-reviewed primary source,S0,arbitrary Dirichlet-polynomial twisted fourth-moment asymptotic through length T to the 1 over 11 minus epsilon,ESTABLISHED_DEEP_FALLBACK_AFTER_WEAKER_PROBES_FAILED,retain for a future full twisted-moment reconstruction,https://arxiv.org/abs/0709.2345
SRC-BETTIN-BUI-LI-RADZIWILL-2020,H2-H1,Sandro Bettin and H. M. Bui and Xiannan Li and Maksym Radziwill,2020,A quadratic divisor problem and moments of the Riemann zeta-function,peer-reviewed primary source,S0,arbitrary Dirichlet-polynomial twisted fourth-moment asymptotic through length T to the 1 over 4 minus epsilon,ESTABLISHED_DEEP_FALLBACK_AFTER_WEAKER_PROBES_FAILED,retain for a future full twisted-moment reconstruction,https://arxiv.org/abs/1609.02539
SRC-WATT-1995,H2-H1,Nigel Watt,1995,Kloosterman sums and a mean value for Dirichlet polynomials,peer-reviewed primary source,S0,length-times-maximum-coefficient twisted fourth-moment upper bound through short polynomial lengths,INSUFFICIENT_FOR_FIXED_POLYLOG_BY_CURRENT_MOBIUS_SQUARE_PROBE,test only if an L2-coefficient refinement removes the T to the 1 over 50 length loss,https://doi.org/10.1006/jnth.1995.1086
SRC-HEAP-RADZIWILL-SOUNDARARAJAN-2019,H2-H1,Winston Heap and Maksym Radziwill and Kannan Soundararajan,2019,Sharp upper bounds for fractional moments of the Riemann zeta function,peer-reviewed primary source,S0,sharp fractional moments and a twisted fourth-moment proposition importing BBLR,NOT_AN_INDEPENDENT_WEAK_TYPE_II_MOMENT_PRODUCER,retain as evidence that the cited fallback still uses full twisted-moment machinery,https://arxiv.org/abs/1901.08423
SRC-BAEZ-DUARTE-2002,H3,Luis Baez-Duarte,2002,A strengthening of the Nyman-Beurling criterion for the Riemann Hypothesis,peer-reviewed preprint version,S0,positive-natural Hilbert closure criterion,ESTABLISHED,retain and cross-audit compiled theorem,https://arxiv.org/abs/math/0202141
SRC-LI-1997,H4,Xian-Jin Li,1997,The positivity of a sequence of numbers and the Riemann hypothesis,peer-reviewed,S0,all-index Li positivity criterion,ESTABLISHED,external statement crosswalk,
SRC-BOMBIERI-LAGARIAS-1999,H4,Enrico Bombieri and Jeffrey C. Lagarias,1999,Complements to Li's Criterion for the Riemann Hypothesis,peer-reviewed,S0,transformed-zero reverse mechanism,ESTABLISHED,external statement crosswalk,https://math.lsa.umich.edu/~lagarias/doc/bombieri.ps
SRC-WEIL-1952,H5,Andre Weil,1952,Sur les formules explicites de la theorie des nombres premiers,peer-reviewed,S0,explicit-formula positivity criterion,ESTABLISHED,freeze exact admissible class,
SRC-RODGERS-TAO-2018,H6,Brad Rodgers and Terence Tao,2018,The de Bruijn-Newman constant is non-negative,peer-reviewed preprint version,S0,heat-flow and zero-dynamics route,ESTABLISHED,build H6 route card,https://arxiv.org/abs/1801.05914
SRC-BRANDEN-CHASSE-2016,H6-H8,Petter Branden and Matthew Chasse,2016,Classification theorems for operators preserving zeros in a strip,peer-reviewed preprint version,S1,de Bruijn shifted Jensen theorem and entire strip-preserver mechanism,ESTABLISHED,reconstruct H6 forward preservation,https://arxiv.org/abs/1402.2795
SRC-POLYMATH-2019,H6,D. H. J. Polymath,2019,Effective approximation of heat flow evolution of the Riemann xi function and a new upper bound for the de Bruijn-Newman constant,peer-reviewed,S1,unconditional upper bound Lambda at most 0.22 and effective heat-flow estimates,ESTABLISHED_PARTIAL_RESULT,retain as H6 quantitative frontier,https://arxiv.org/abs/1904.12438
SRC-PLATT-TRUDGIAN-2020,H6-H14,Dave Platt and Tim Trudgian,2020,The Riemann hypothesis is true up to 3 times 10 to the 12,peer-reviewed preprint version,S1,rigorous zeta-zero verification and Corollary 2 giving Lambda at most 0.2 through the Polymath barrier table,ESTABLISHED_PARTIAL_RESULT,retain finite verification as a certified input and audit standalone finite-to-global promotion,https://arxiv.org/abs/2004.09765
SRC-TURING-1953,H14,A. M. Turing,1953,Some Calculations of the Riemann Zeta-Function,peer-reviewed,S0,canonical completeness method for a purported finite zero list,ESTABLISHED,formalize the multiplicity-bearing completeness consumer,https://doi.org/10.1112/plms/s3-3.1.99
SRC-BUTHE-2013,H14-H13,Jan Buthe,2013,A method for proving the completeness of a list of zeros of certain L-functions,peer-reviewed preprint version,S1,Weil-Barner and Turing-style completeness logic for zeta and broader L-functions,ESTABLISHED,align candidate-list completeness with the actual xi divisor count,https://arxiv.org/abs/1308.6704
SRC-CONNES-1998,H7,Alain Connes,1998,Trace formula in noncommutative geometry and the zeros of the Riemann zeta function,peer-reviewed preprint version,S1,spectral and trace-formula route,NESTED_PROJECTION_POSITIVE_TYPE_PUBLICLY_CLOSED,audit actual adele cutoff containment trace class and distributional limit,https://arxiv.org/abs/math/9811068
SRC-DEBRANGES-1986,H7-H8,Louis de Branges,1986,The Riemann hypothesis for Hilbert spaces of entire functions,peer-reviewed,S1,entire-function Hilbert spaces and spectral structure,OPEN_PROGRAM,build H7-H8 boundary map,https://projecteuclid.org/journals/bulletin-of-the-american-mathematical-society-new-series/volume-15/issue-1/The-Riemann-hypothesis-for-Hilbert-spaces-of-entire-functions/bams/1183553352.short
SRC-GRIFFIN-ONO-ROLEN-ZAGIER-2019,H8,Michael Griffin and Ken Ono and Larry Rolen and Don Zagier,2019,Jensen polynomials for the Riemann zeta function and other sequences,peer-reviewed preprint version,S1,eventual finite-degree hyperbolicity and asymptotics,ESTABLISHED_PARTIAL_RESULT,record exact limitation,https://arxiv.org/abs/1902.07321
SRC-GRIFFIN-ONO-ROLEN-THORNER-TRIPP-WAGNER-2019,H8,Michael Griffin and Ken Ono and Larry Rolen and Jesse Thorner and Zachary Tripp and Ian Wagner,2019,Jensen Polynomials for the Riemann Xi Function,arXiv preprint,S1,effective fixed-degree hyperbolicity and partial-zero influence,ESTABLISHED_PARTIAL_RESULT,formalize the all-degree all-shift quantifier gap,https://arxiv.org/abs/1910.01227
SRC-FARMER-2020,H8,David W. Farmer,2020,Jensen polynomials are not a plausible route to proving the Riemann Hypothesis,peer-reviewed preprint version,S1,negative route assessment,ESTABLISHED_CRITIQUE,include in H8 adversarial audit,https://arxiv.org/abs/2008.07206
SRC-DURAN-2024,H8,Antonio J. Duran,2024,Brenke polynomials with real zeros and the Riemann Hypothesis,arXiv preprint,S2,Brenke generalization of Jensen and Polya-Schur real-rootedness criteria,NEW_EQUIVALENT_CRITERIA_NO_UNIFORM_INDEX_BRIDGE,record without promoting equivalence to RH progress,https://arxiv.org/abs/2405.18940
SRC-LAGARIAS-2000,H9,Jeffrey C. Lagarias,2000,An Elementary Problem Equivalent to the Riemann Hypothesis,peer-reviewed preprint version,S0,elementary divisor-sum equivalent,ESTABLISHED,build H9 usefulness audit,https://arxiv.org/abs/math/0008177
SRC-DELIGNE-1974,H10,Pierre Deligne,1974,La conjecture de Weil I,peer-reviewed,S0,function-field and Frobenius analogy,ESTABLISHED,build H10 transfer-gap card,https://publications.ias.edu/book/export/html/368
SRC-STEPANOV-1969,H10,S. A. Stepanov,1969,On the number of points of a hyperelliptic curve over a finite prime field,peer-reviewed,S0,auxiliary-function and high-multiplicity point-count method,FROBENIUS_MULTIPLICITY_ALGEBRA_LEAN_COMPILED_CURVE_CONSTRUCTION_OPEN,inspect nonzero auxiliary construction and degree optimization,https://www.mathnet.ru/eng/im2197
SRC-BOMBIERI-1973,H10,Enrico Bombieri,1973,Counting points on curves over finite fields d'apres S. A. Stepanov,Seminaire Bourbaki,S0,general Riemann-Roch Frobenius proof and finite spectral transition,RATIONAL_FUNCTION_FIELD_POLAR_PUBLICLY_EVIDENCED,retain the general curve pole filtration and Riemann-Roch dimension producer as open,https://www.numdam.org/item/SB_1972-1973__15__234_0.pdf
SRC-MONTGOMERY-1973,H11,H. L. Montgomery,1973,The pair correlation of zeros of the zeta function,peer-reviewed proceedings,S0,zero-statistics and random-matrix route,CONDITIONAL_ON_RH_IN_HEADLINE_ANALYSIS,keep heuristic separate from proof premise,https://websites.umich.edu/~hlm/paircor1.pdf
SRC-LEVINSON-MONTGOMERY-1974,H12,Norman Levinson and Hugh L. Montgomery,1974,Zeros of the derivatives of the Riemann zeta-function,Acta Mathematica 133 peer-reviewed paper,S0,rigorous zero-count proof and Speiser corollary,NEGATIVE_HEIGHT_GLOBAL_COUNT_REENTRY_PREREGISTERED,prove the omitted interior-zero exclusion in the strict-negative branch then assemble the multiplicity-aware global indented argument principle and both count outputs,https://doi.org/10.1007/BF02392141
SRC-WONG-2023,H3,Kwok Kwan Wong,2023,Inequality and Nyman-Beurling-Baez-Duarte criteria,unreviewed arXiv proof claim,S4,projection-norm proof branch,DECISIVE_STEP_FORMALLY_FALSIFIED,regression test only,https://arxiv.org/abs/2310.03972
SRC-CARVILL-2025,H3,Hugh Carvill,2025,Beurling-Nyman Geometry and Gram Matrix Structure: Ladder Density and Polynomial Decay via Mellin Smoothing,unreviewed arXiv preprint,S4,ladder-frequency proof branch,DECISIVE_STEP_FORMALLY_FALSIFIED,retain acknowledgement and regression test only,https://arxiv.org/abs/2510.18132
SRC-POLSON-2018,H5,Nick Polson,2018,Riemann Hypothesis: a GGC factorisation,arXiv preprint,S2,Frullani continuation mechanism,SPECIFIC_2018_INTEGRAL_RETENTION_REJECTED,do not reject later equivalence framework,https://arxiv.org/abs/1806.07964v7
SRC-FREEDMAN-2026,H7,Marvin B. Freedman,2026,Finite-core Volterra reductions for a Weyl-positive Riemann phase kernel,unreviewed arXiv proof-program preprint,S3,Green-lift contraction inference,LISTED_PREMISES_FORMALLY_INSUFFICIENT,quarantine pending concrete norm estimate,https://arxiv.org/abs/2606.29555
SRC-CSORDAS-VARGA-1988,H6,George Csordas and Richard S. Varga,1988,Moment Inequalities and the Riemann Hypothesis,peer-reviewed,S0,actual source-normalized Xi-kernel strict log-concavity,KNOWN_THEOREM_INDEPENDENTLY_FORMALIZED,retain as H6-X6 primary source,https://www.math.kent.edu/~varga/pub/paper_161.pdf
SRC-COFFEY-CSORDAS-2013,H6,Mark W. Coffey and George Csordas,2013,On the log-concavity of a Jacobi theta function,peer-reviewed,S0,later proof of the Xi-kernel shape property,ESTABLISHED,retain as H6-X6 secondary source,https://doi.org/10.1090/S0025-5718-2013-02681-6
SRC-GERSHON-2026,H6,Avi Gershon,2026,On the Log-Concavity of the Riemann Xi Kernel,unreviewed preprint with external Lean claim,S3,theta-kernel TP2 and external certification audit,EXTERNAL_LEAN_CERTIFICATE_REJECTED_ACTUAL_TP2_INDEPENDENTLY_FORMALIZED,do not use external certificate as premise,https://doi.org/10.20944/preprints202604.0159.v2
SRC-MICHALOWSKI-2026-PF5,H6,Wojciech Michalowski,2026,On the Polya Frequency Order of the de Bruijn Newman Kernel: Certified Failure at Order Five and the Toeplitz Threshold Phenomenon,unreviewed arXiv preprint with external interval certificate,S3,actual-kernel PF5 falsification target,LEAN_FULL_SERIES_PF5_FALSIFICATION_PUBLICLY_CERTIFIED,retain as PF5 obstruction and keep global PF4 open,https://arxiv.org/abs/2602.20313
SRC-BURNOL-2001,H3,Jean-Francois Burnol,2001,A lower bound in an approximation problem involving the zeros of the Riemann zeta function,peer-reviewed preprint version,S0,zero-sensitive Nyman-Beurling distance obstruction,KNOWN_THEOREM_FORMALIZED,retain as H3 quantitative boundary,https://arxiv.org/abs/math/0103058
SRC-CONREY-FARMER-KWAN-LIN-TURNAGE-BUTTERBAUGH-2025,H1,J. Brian Conrey and David Farmer and Chung-Hang Kwan and Yongxiao Lin and Caroline Turnage-Butterbaugh,2025,Short mollifiers of the Riemann zeta-function,arXiv preprint,S2,underused derivative-combination variational mechanism,VARIATIONAL_AND_STEP_GEOMETRY_PUBLICLY_CLOSED,quantify polynomial approximation and mean-value uniformity under diverging transition steepness,https://arxiv.org/abs/2508.11108
SRC-BALUYOT-GOLDSTON-SURIAJAYA-TURNAGE-BUTTERBAUGH-2023,H11,Siegfred Baluyot and Daniel Goldston and Ade Suriajaya and Caroline Turnage-Butterbaugh,2023,An unconditional Montgomery Theorem for Pair Correlation of Zeros of the Riemann Zeta Function,peer-reviewed preprint version,S1,scope boundary for unconditional pair correlation,PARTIAL_RESULT_SCOPE_WARNING_SUPERSEDED_BY_2026_CORRECTION,retain theorem but replace the no-horizontal-information interpretation with the later symmetric-diagonal mechanism,https://arxiv.org/abs/2306.04799
SRC-GOLDSTON-LEE-SCHETTLER-SURIAJAYA-2026,H11,Daniel Goldston and Junghun Lee and Jordan Schettler and Ade Suriajaya,2026,Pair Correlation Conjecture for the Zeros of the Riemann Zeta-function I: Simple and Critical Zeros,arXiv v4,S2,horizontal-multiplicity route from PCC to density one simple critical zeros,PCC_SLOW_WINDOW_DIAGONAL_IMPLEMENTATION_PUBLIC_GREEN,instantiate the compiled cap-preserving slow selector with the actual fixed-compact PCC remainder then retain Fujii Fejer asymptotics and sparse-exception amplification as open,https://arxiv.org/abs/2503.15449v4
SRC-CONNES-CONSANI-2020,H5-H7,Alain Connes and Caterina Consani,2020,Weil positivity and Trace formula at the archimedean place,peer-reviewed preprint version,S1,operator-theoretic archimedean positivity mechanism,ESTABLISHED_WITH_OPEN_SEMILOCAL_BRIDGE,align with compiled compact Weil form,https://arxiv.org/abs/2006.13771
SRC-CONNES-CONSANI-2019-SCALING,H7,Alain Connes and Caterina Consani,2019,The Scaling Hamiltonian,peer-reviewed preprint version,S1,Berry-Keating and absorption-spectrum comparison plus semilocal scaling framework,BERRY_KEATING_RELATION_SOURCE_ALIGNED,retain the warning that semiclassical count agreement does not imply quantum-model equivalence,https://arxiv.org/abs/1910.14368
SRC-ENDRES-STEINER-2011,H7,Sebastian Endres and Frank Steiner,2011,The Berry-Keating operator on the positive half-line and on compact quantum graphs,peer-reviewed preprint version,S0,half-line pure-continuity and fixed-compact-graph Weyl no-go theorems,HALFLINE_MODE_PUBLICLY_CLOSED_FULL_SPECTRAL_THEOREMS_OPEN,retain the full operator-domain pure-continuity and compact-graph Weyl theorems as separate source nodes,https://arxiv.org/abs/0912.3183
SRC-CONNES-CONSANI-MOSCOVICI-2023,H7,Alain Connes and Caterina Consani and Henri Moscovici,2023,Zeta zeros and prolate wave operators,peer-reviewed preprint version,S1,semilocal prolate and Sonin spectral structure,ESTABLISHED_WITH_OPEN_EXACT_SPECTRUM_BRIDGE,compare finite-prime ground-state consumer,https://arxiv.org/abs/2310.18423
SRC-CONNES-VANSUIJLEKOM-2025,H7,Alain Connes and Walter van Suijlekom,2025,Quadratic Forms Real Zeros and Echoes of the Spectral Action,peer-reviewed preprint version,S1,real-zero theorem for simple isolated even quadratic-form ground states,ESTABLISHED_WITH_SIMPLE_EVEN_AND_ACTUAL_COMPARISON_OPEN,retain as the real-zero consumer after both source branches close,https://arxiv.org/abs/2511.23257
SRC-CONNES-2026,H7-H5,Alain Connes,2026,The Riemann Hypothesis Past Present and a Letter Through Time,submitted author preprint,S2,finite-prime Weil ground-state and explicit prolate convergence program,ACTUAL_WEIGHTED_GROUNDSTATE_COMPARISON_SELECTED,attack the scaled Rayleigh-excess-to-gap rate implied by escaping support,https://arxiv.org/abs/2602.04022
SRC-CONREY-2024,H9-H12,J. Brian Conrey,2024,Character Sums and the Riemann Hypothesis,Acta Arithmetica 214 peer-reviewed paper,S1,character-sum sufficient inequality route and Proposition 1 rationality branch,ACTUAL_ADJACENT_FAMILY_FLAT_INTERVAL_PUBLICLY_CLOSED_MAIN_FAMILY_OPEN,audit flat-prefix exclusion for source-permitted q congruent to 3 mod 8,https://doi.org/10.4064/aa230530-13-11
SRC-CONREY-LI-1998,H8-H7,J. Brian Conrey and Xian-Jin Li,1998,A note on some positivity conditions related to zeta- and L-functions,peer-reviewed preprint version,S0,de Branges positivity obstruction,HALF_STRIP_ABSTRACT_CONSUMER_PUBLICLY_CLOSED_CONCRETE_HARDY_OPEN,construct the concrete half-strip Hardy RKHS and retain the actual-xi positive shift plus Cayley-to-W continuation as explicit successors,https://arxiv.org/abs/math/9812166
SRC-SPEISER-1935,H12,Andreas Speiser,1935,Geometrisches zur Riemannschen Zetafunktion,Mathematische Annalen 110 peer-reviewed paper,S0,geometric derivative-zero RH criterion with later rigorous count proof,ESTABLISHED_WITH_ORIGINAL_PROOF_GAPS,use Levinson-Montgomery for the proof spine and build exact project crosswalk,https://eudml.org/doc/159737
SRC-ODLYZKO-TERIELE-1985,H9-H14,A. M. Odlyzko and H. J. J. te Riele,1985,Disproof of the Mertens conjecture,peer-reviewed primary source,S0,historical strengthening countermodel,ESTABLISHED_OBSTRUCTION,retain in regression atlas,https://doi.org/10.1515/crll.1985.357.138
SRC-DAVENPORT-HEILBRONN-1936,H13,H. Davenport and H. Heilbronn,1936,On the Zeros of Certain Dirichlet Series,peer-reviewed primary source,S0,functional-equation countermodel,ESTABLISHED_OBSTRUCTION,test structural conjectures against it,https://doi.org/10.1112/jlms/s1-11.4.307
SRC-DIAMOND-MONTGOMERY-VORHAUER-2006,H13,A. Diamond and H. Montgomery and U. Vorhauer,2006,Beurling primes with large oscillation,peer-reviewed primary source,S0,generalized-prime zero-behavior countermodel,ESTABLISHED_OBSTRUCTION,test coarse-prime-axiom arguments,https://deepblue.lib.umich.edu/bitstream/handle/2027.42/46253/208_2005_Article_638.pdf
SRC-KATZ-SARNAK-1999,H11-H13,Nicholas Katz and Peter Sarnak,1999,Zeroes of Zeta functions and symmetry,peer-reviewed primary survey,S1,function-field and family random-matrix mechanisms,ESTABLISHED_ANALOGY,keep family laws separate from individual RH,https://doi.org/10.1090/S0273-0979-99-00766-1
SRC-GELBART-MILLER-2003,H13,Stephen Gelbart and Stephen D. Miller,2003,Riemann's Zeta Function and Beyond,expository research article,S1,GL1 Hecke and Dirichlet L-function placement of Riemann zeta,SOURCE_ALIGNED_USE_EXACT_MATHLIB_MOD_ONE_IDENTITY,formalize family inclusion without claiming a shortcut,https://arxiv.org/abs/math/0309478
SRC-CONNES-CONSANI-MOSCOVICI-2025,H7,Alain Connes and Caterina Consani and Henri Moscovici,2025,Zeta Spectral Triples,author preprint,S2,finite Weil Galerkin form conditional rank-one spectral realization and determinant limit program,ESTABLISHED_WITH_SIMPLE_EVEN_AND_WEIGHTED_LIMIT_GAPS,instantiate the actual source Rayleigh-gap rate and preserve the two cutoff orders,https://arxiv.org/abs/2511.22755
SRC-CONNES-CONSANI-2023-ZETA-CYCLES,H7,Alain Connes and Caterina Consani,2023,Spectral triples and zeta-cycles,peer-reviewed primary source,S1,semi-local Weil matrices and prolate near-radical eigenvector comparison,NUMERICAL_COMPARISON_WITH_NO_RAYLEIGH_GAP_RATE,the source reports roughly lambda-squared many simultaneous minuscule eigenvalues and uses approximate signs without quantitative errors; retain absolute-excess collapsing-gap obstruction and seek a ratio or approximate-commutator producer,https://arxiv.org/abs/2106.01715
SRC-GROSKIN-2026-HIGHPREC,H7,Akiva Groskin,2026,High-Precision Approximation of Riemann Zeros via the Truncated Weil Form,unreviewed arXiv preprint,S3,independent finite-matrix implementation and normalization audit,NUMERICAL_NAVIGATION_ONLY,use for falsification and convention checks only,https://arxiv.org/abs/2605.20224
SRC-GROSKIN-2026-DICTIONARY,H5-H7,Akiva Groskin,2026,A finite Guinand-Weil dictionary and archimedean tail order for the truncated Weil quadratic form,unreviewed arXiv preprint,S3,claimed exact finite coefficient-to-test dictionary and tail order,SOURCE_CALCULUS_ADMISSIBILITY_AND_EXPLICIT_FORMULA_LEAN_COMPILED,retain positivity inverse-density cutoff-limit and RH boundaries; rerank historical successors after public closure,https://arxiv.org/abs/2607.02828
SRC-ANDRADE-SILVA-2026-PERRON,H7,Breno Wilson de Andrade Silva,2026,The pole term is the only obstruction to Perron structure in the localized Weil quadratic form: a rank-two splitting and a scalar criterion for the bottom eigenvalue,unreviewed Zenodo preprint,S3,pole-free Perron structure and rank-two pole obstruction,SOURCE_CLAIMS_POLE_FREE_PERRON_FULL_EVEN_SIMPLICITY_OPEN,audit exact finite and operator hypotheses before use,https://doi.org/10.5281/zenodo.20682834
SRC-ANDRADE-SILVA-2026-HERGLOTZ,H7,Breno Wilson de Andrade Silva,2026,A scalar Herglotz criterion for the even-simplicity hypothesis in the localized Weil quadratic form,unreviewed Zenodo preprint,S3,odd-sector resolvent reduction of even-simplicity,SOURCE_CLAIMS_EXACT_SCALAR_REDUCTION_UNIFORM_INEQUALITY_OPEN,formalize and falsify the finite scalar criterion,https://doi.org/10.5281/zenodo.20694588
SRC-ANDRADE-SILVA-2026-PRIME-LOEWNER,H7,Breno Wilson de Andrade Silva,2026,A Loewner divided-difference formula for the prime contribution in the localized Weil quadratic form and a parity sign law,unreviewed Zenodo preprint,S3,prime-block Loewner formula and parity-dependent sign mechanism,SOURCE_CLAIMS_TERM_SIGN_LAW_NO_EVEN_SIMPLICITY,align the prime symbol and test exact finite instances,https://doi.org/10.5281/zenodo.20710075
SRC-ANDRADE-SILVA-2026-LOEWNER-EVEN,H7,Breno Wilson de Andrade Silva,2026,A Loewner/operator-monotone framework for the even-simplicity problem in the Connes-Consani-Moscovici spectral triple,unreviewed Zenodo preprint,S3,parity-sector Loewner identities and bordered Schur-complement criterion,SOURCE_CLAIMS_GENERIC_ORDERING_ARITHMETIC_DOUBLY_CRITICAL_CASE_OPEN,formalize sector identities and the finite bordered criterion,https://doi.org/10.5281/zenodo.20737111
SRC-SUZUKI-2026-WEIL-SCREW,H7-H8,Masatoshi Suzuki,2026,Weil's quadratic form via the screw function,arXiv preprint,S2,finite-interval self-adjoint extensions and reciprocal-log-derivative limit proposal,GENERIC_REGULARITY_AUDIT_PUBLICLY_CLOSED_ACTUAL_LIMIT_OPEN,retain literal entire and meromorphic interpretations separately,https://arxiv.org/abs/2606.09096v1
SRC-VANFRANKENHUIJSEN-2008,H10,Machiel van Frankenhuijsen,2008,The Riemann Hypothesis for Function Fields over a Finite Field,arXiv expository source,S1,Bombieri-Stepanov point counts and finite Frobenius power sums,FINITE_SPECTRAL_STEP_FORMALIZED_INFINITE_TRANSFER_OPEN,test ordinary infinite trace before regularized transfer,https://arxiv.org/abs/0806.0044
SRC-DELIGNE-1974-WEIL-I,H10,Pierre Deligne,1974,La conjecture de Weil I,peer-reviewed primary source,S0,cohomological weights and finite-dimensional Frobenius model,ESTABLISHED_FUNCTION_FIELD_THEOREM,do not infer a number-field cohomology object,https://publications.ias.edu/node/345
SRC-CONNES-1998-TRACE,H7-H10,Alain Connes,1998,Trace formula in noncommutative geometry and the zeros of the Riemann zeta function,primary author preprint,S1,number-field explicit formula as spectral trace framework,NESTED_PROJECTION_TRACE_HINGE_PUBLICLY_CLOSED,inspect actual trace-class normalization prolate cutoff and distribution-limit producers,https://arxiv.org/abs/math/9811068
SRC-BETTIN-GONEK-2016,H1,Sandro Bettin and Steven M. Gonek,2016,The theta=infinity conjecture implies the Riemann hypothesis,primary author preprint,S1,actual mollifier Mellin inverse-Mellin convolution selected-zero residue and moment-to-power bridge,KNOWN_CONDITIONAL_THEOREM_1_FULLY_LEAN_COMPILED_FARMER_MOMENT_OPEN,retain fixed-low-height simplification and attack the open arbitrary-length moment premise only with separately registered evidence,https://arxiv.org/abs/1604.02740
SRC-POLYA-1919,H9-D13,George Polya,1919,Verschiedene Bemerkungen zur Zahlentheorie,peer-reviewed primary source,S0,unweighted Liouville summatory sign route and exact finite Abel input,HISTORICAL_SIGN_CLAIM_FALSE_FINITE_TRANSFORM_LEAN_AUDITED,retain the compiled sign boundary and do not import the false global premise,
SRC-INGHAM-1942,H9-D13,A. E. Ingham,1942,On Two Conjectures in the Theory of Numbers,peer-reviewed primary source,S0,zeta-zero consequences and oscillatory obstruction for the Polya sign premise,ESTABLISHED_OBSTRUCTION,record source logic without importing the false sign premise,https://www.math.ubc.ca/~gerg/teaching/592-Fall2018/papers/1942.Ingham.pdf
SRC-TURAN-1948,H9-D13,Paul Turan,1948,On Some Approximative Dirichlet-polynomials in the Theory of the Zeta-function of Riemann,primary monograph,S0,harmonic-weighted Liouville sign and finite zeta-section routes,HISTORICAL_ROUTE_WITH_FALSE_GLOBAL_PREMISES_ABEL_EDGE_LEAN_AUDITED,retain the compiled Abel obstruction and keep the zeta-section mechanism separate,https://books.google.com/books/about/On_Some_Approximative_Dirichlet_polynomi.html?id=pnIgAQAAIAAJ
SRC-HASELGROVE-1958,H9-D13,C. B. Haselgrove,1958,A Disproof of a Conjecture of Polya,peer-reviewed primary source,S0,disproof of the unweighted Liouville sign route,ESTABLISHED_OBSTRUCTION,retain as mandatory regression evidence,https://doi.org/10.1112/S0025579300001480
SRC-BORWEIN-FERGUSON-MOSSINGHOFF-2008,H9-D13,Peter Borwein and Ron Ferguson and Michael Mossinghoff,2008,Sign changes in sums of the Liouville function,peer-reviewed primary source,S0,certified failure of the harmonic-weighted Turan sign claim,ESTABLISHED_OBSTRUCTION,do not replace the published certificate with an unverified finite computation,https://www.cecm.sfu.ca/~pborwein/PAPERS/P208.pdf
SRC-ALKAN-2021,H9,Emre Alkan,2021,Variations on criteria of Polya and Turan for the Riemann hypothesis,peer-reviewed primary source,S1,all-parameter weighted and derivative sign equivalences,ESTABLISHED_EQUIVALENT_CRITERIA,record as a repaired equivalence and audit premise strength before any formalization,https://doi.org/10.1016/j.jnt.2021.01.004
SRC-SPIRA-1968,H9-D13,Robert Spira,1968,Zeros of Sections of the Zeta Function,peer-reviewed primary source,S0,explicit zeros of finite zeta Dirichlet sections,ESTABLISHED_OBSTRUCTION,keep separate from the Liouville-sum sign routes,https://doi.org/10.1090/S0025-5718-1968-0228456-8
SRC-MONTGOMERY-1983-ZETA-SECTIONS,H9-D13,Hugh L. Montgomery,1983,Zeros of Approximations to the Zeta Function,peer-reviewed proceedings primary source,S0,sufficiently-large finite zeta-section zeros beyond the Turan zero-free boundary,ESTABLISHED_OBSTRUCTION,retain as the asymptotic closure of the finite-section shortcut,
SRC-BARRETT-JARVIS-1992-REDHEFFER,H9-H7,Wayne W. Barrett and Tyler J. Jarvis,1992,Spectral Properties of a Matrix of Redheffer,peer-reviewed primary source,S0,Redheffer characteristic polynomial and dominant eigenvalue asymptotics,CHARACTERISTIC_POLYNOMIAL_PUBLICLY_CLOSED_DOMINANT_ROOT_OPEN,retain dominant-root estimates outside the compiled polynomial endpoint,https://doi.org/10.1016/0024-3795(92)90401-U
SRC-VAUGHAN-1993-REDHEFFER-I,H9-H7,R. C. Vaughan,1993,On the Eigenvalues of Redheffer's Matrix I,peer-reviewed proceedings primary source,S0,Mobius row elimination Mertens determinant RH-strength growth criterion and characteristic polynomial,EXACT_DETERMINANT_AND_CHARPOLY_PUBLICLY_CLOSED_ORDER_ONE_BOUNDARY_CORRECTED,retain all non-unit-root estimates as open,https://personal.science.psu.edu/rcv4/personal/Publications/REDCONF.pdf
SRC-VAUGHAN-1996-REDHEFFER-II,H9-H7,R. C. Vaughan,1996,On the Eigenvalues of Redheffer's Matrix II,peer-reviewed primary source,S0,estimates for non-unit Redheffer eigenvalues near one,SOURCE_ALIGNED_SPECTRAL_SUCCESSOR,retain as the second spectral-boundary source,https://doi.org/10.1017/S1446788700037654
SRC-RIESZ-1916,H9-H0,Marcel Riesz,1916,Sur l'hypothese de Riemann,Acta Mathematica peer-reviewed primary source,S0,Riesz entire function and RH-equivalent exponential smoothing criterion,K_TWO_KERNEL_BASE_STRIP_PUBLICLY_CLOSED,retain the RH-equivalent decay and zero-free continuation as open edges,https://archive.ymsc.tsinghua.edu.cn/pacm_paperurl/20170108203031601228270
SRC-AGARWAL-GARG-MAJI-2022,H9-H0,Archit Agarwal and Meghali Garg and Bibekananda Maji,2022,Riesz-type criteria for the Riemann hypothesis,Proceedings of the American Mathematical Society peer-reviewed paper,S1,general P_k criterion and Mellin identity,LITERAL_MELLIN_DOMAIN_PUBLICLY_CLOSED,read the larger displayed region as analytic continuation outside -1/2<Re(s)<0 and continue auditing equation 3.31,https://arxiv.org/abs/2202.00637
SRC-MACAREVEY-2026-LAGARIAS,H9,Andrew MacArevey,2026,On the Lagarias Inequality and Superabundant Numbers,arXiv preprint,S3,monotone Lagarias auxiliary and least superabundant counterexample,NOT_SELECTED_WEAKER_THAN_ORIGINAL_COLOSSALLY_ABUNDANT_REDUCTION,retain as a formulation refinement rather than a shorter RH edge,https://arxiv.org/abs/2602.15905
SRC-HARDY-1914,H1,G. H. Hardy,1914,Sur les zeros de la fonction zeta(s) de Riemann,Comptes rendus de l Academie des sciences primary note,S0,infinitely many critical-line zeros,HARDY_1914_INFINITY_PUBLICLY_CLOSED,survey the quantitative Hardy-Littlewood and Selberg critical-line producers without treating qualitative infinitude as H1 or RH,https://gallica.bnf.fr/ark:/12148/bpt6k3111d.image.f1014.langEN
SRC-HARDY-LITTLEWOOD-1918,H1,G. H. Hardy and J. E. Littlewood,1918,Contributions to the theory of the Riemann zeta-function and the theory of the distribution of primes,Acta Mathematica peer-reviewed primary source,S0,full account of early critical-line and prime-distribution methods,HARDY_REAL_SIGN_ENTRY_PUBLICLY_CLOSED_TRANSFORM_OPEN,reconstruct only source claims whose normalization is aligned with project xi,https://doi.org/10.1007/BF02422942
SRC-HARDY-LITTLEWOOD-1921,H1,G. H. Hardy and J. E. Littlewood,1921,The zeros of Riemann's Zeta-Function on the critical line,Mathematische Zeitschrift peer-reviewed primary source,S0,linear critical-line zero count from exceptional-set moments and adjacent interval pairs,ETA_PRIMITIVE_MEAN_SQUARE_FINAL_LEDGER_PUBLIC_GREEN_CLOSURE_PENDING,publish one closure receipt then rerank Lemma 11 source-X moment against all historical families,https://gdz.sub.uni-goettingen.de/download/pdf/PPN266833020_0010/LOG_0029.pdf
SRC-FRANEL-1924,H9,Jerome Franel,1924,Les suites de Farey et le probleme des nombres premiers,Gottinger Nachrichten peer-reviewed primary source,S0,Farey discrepancy route to prime-number and RH-strength behavior,FINITE_ARITHMETIC_ENTRY_PUBLICLY_CLOSED_ORDERED_DISCREPANCY_OPEN,retain the ordered discrepancy identity and all estimates as open,https://eudml.org/doc/59156
SRC-KANEMITSU-YOSHIMOTO-1996,H9,J. Kanemitsu and M. Yoshimoto,1996,Farey series and the Riemann hypothesis,Acta Arithmetica peer-reviewed primary source,S0,exact finite Farey Mobius-Mertens transform and RH-equivalent estimates,EXACT_TRANSFORM_PUBLICLY_CLOSED_RH_ESTIMATES_OPEN,retain ordered discrepancy and RH-strength estimates as open,https://doi.org/10.4064/aa-75-4-351-374
SRC-GALLAGHER-MUELLER-1978,H11,P. X. Gallagher and Julia H. Mueller,1978,Primes and zeros in short intervals,Journal fuer die reine und angewandte Mathematik peer-reviewed primary source,S0,short-interval second moment and triangular ordered-pair mass mechanism,TRIANGULAR_PAIR_MASS_PREREGISTERED,compile the finite exact identity before any analytic asymptotic input,https://eudml.org/doc/152055
SRC-VON-KOCH-1902,H0,Helge von Koch,1902,Ueber die Riemann'sche Primzahlfunction,Mathematische Annalen peer-reviewed primary source,S0,prime-counting error and zeta-zero route,VON_KOCH_REVERSE_ZERO_EXCLUSION_PUBLICLY_CLOSED,retain the every-positive-epsilon error estimate as the open producer and seek cross-family inputs,https://eudml.org/doc/158044
SRC-DLMF-25-16-E4,H0,NIST Digital Library of Mathematical Functions,current,Section 25.16 equation 25.16.4,authoritative reference,S0,Chebyshev psi error criterion equivalent to RH,VON_KOCH_REVERSE_ZERO_EXCLUSION_PUBLICLY_CLOSED,retain the strict conditional boundary and rerank across historical families,https://dlmf.nist.gov/25.16#E4
